preference_key,movie_title,star_cast,rating,year,place,vote,link
1,Sueño de fuga,"Frank Darabont (dir.), Tim Robbins, Morgan Freeman",9.233801040882025,1994,1,,/title/tt0111161/
2,El padrino,"Francis Ford Coppola (dir.), Marlon Brando, Al Pacino",9.155765261824198,1972,2,,/title/tt0068646/
3,Batman: El Caballero de la Noche,"Christopher Nolan (dir.), Christian Bale, Heath Ledger",8.985037963847017,2008,3,,/title/tt0468569/
4,El padrino II,"Francis Ford Coppola (dir.), Al Pacino, Robert De Niro",8.983826092944899,1974,4,,/title/tt0071562/
1,12 hombres en pugna,"Sidney Lumet (dir.), Henry Fonda, Lee J. Cobb",8.947217459761873,1957,5,,/title/tt0050083/
2,La lista de Schindler,"Steven Spielberg (dir.), Liam Neeson, Ralph Fiennes",8.93503513593664,1993,6,,/title/tt0108052/
3,El señor de los anillos: El retorno del rey,"Peter Jackson (dir.), Elijah Wood, Viggo Mortensen",8.920641302211129,2003,7,,/title/tt0167260/
4,Tiempos violentos,"Quentin Tarantino (dir.), John Travolta, Uma Thurman",8.850972514934597,1994,8,,/title/tt0110912/
1,El señor de los anillos: La comunidad del anillo,"Peter Jackson (dir.), Elijah Wood, Ian McKellen",8.803336675549144,2001,9,,/title/tt0120737/
2," El bueno, el malo y el feo","Sergio Leone (dir.), Clint Eastwood, Eli Wallach",8.793877211017069,1966,1,,/title/tt0060196/
3,Forrest Gump,"Robert Zemeckis (dir.), Tom Hanks, Robin Wright",8.767205568860149,1994,11,,/title/tt0109830/
4,El club de la pelea,"David Fincher (dir.), Brad Pitt, Edward Norton",8.750274433238925,1999,12,,/title/tt0137523/
1,El origen,"Christopher Nolan (dir.), Leonardo DiCaprio, Joseph Gordon-Levitt",8.732875093273277,2010,13,,/title/tt1375666/
2,El señor de los anillos: Las dos torres,"Peter Jackson (dir.), Elijah Wood, Ian McKellen",8.72749245332365,2002,14,,/title/tt0167261/
3,El imperio contraataca,"Irvin Kershner (dir.), Mark Hamill, Harrison Ford",8.701703800824546,1980,15,,/title/tt0080684/
4,Matrix,"Lana Wachowski (dir.), Keanu Reeves, Laurence Fishburne",8.671129452670547,1999,16,,/title/tt0133093/
1,Buenos muchachos,"Martin Scorsese (dir.), Robert De Niro, Ray Liotta",8.651162400297661,1990,17,,/title/tt0099685/
2,Atrapado sin salida,"Milos Forman (dir.), Jack Nicholson, Louise Fletcher",8.641421200426047,1975,18,,/title/tt0073486/
3,"Seven, los siete pecados capitales","David Fincher (dir.), Morgan Freeman, Brad Pitt",8.6038810136974,1995,19,,/title/tt0114369/
4,Los siete samurais,"Akira Kurosawa (dir.), Toshirô Mifune, Takashi Shimura",8.599244553222551,1954,20,,/title/tt0047478/
1,¡Qué bello es vivir!,"Frank Capra (dir.), James Stewart, Donna Reed",8.59699779047748,1946,21,,/title/tt0038650/
2,El silencio de los inocentes,"Jonathan Demme (dir.), Jodie Foster, Anthony Hopkins",8.588016626013152,1991,22,,/title/tt0102926/
3,Ciudad de Dios,"Fernando Meirelles (dir.), Alexandre Rodrigues, Leandro Firmino",8.579019999402977,2002,23,,/title/tt0317248/
4,Rescatando al soldado Ryan,"Steven Spielberg (dir.), Tom Hanks, Matt Damon",8.577480994513868,1998,24,,/title/tt0120815/
1,La vida es bella,"Roberto Benigni (dir.), Roberto Benigni, Nicoletta Braschi",8.566061268069545,1997,25,,/title/tt0118799/
2,Milagros inesperados,"Frank Darabont (dir.), Tom Hanks, Michael Clarke Duncan",8.55963210955366,1999,26,,/title/tt0120689/
3,Interestelar,"Christopher Nolan (dir.), Matthew McConaughey, Anne Hathaway",8.55468984159968,2014,27,,/title/tt0816692/
4,La guerra de las galaxias,"George Lucas (dir.), Mark Hamill, Harrison Ford",8.55450100637196,1977,28,,/title/tt0076759/
1,Terminator 2: juicio final,"James Cameron (dir.), Arnold Schwarzenegger, Linda Hamilton",8.534867567814965,1991,29,,/title/tt0103064/
2,Volver al futuro,"Robert Zemeckis (dir.), Michael J. Fox, Christopher Lloyd",8.51791167939419,1985,30,,/title/tt0088763/
3,El viaje de Chihiro,"Hayao Miyazaki (dir.), Daveigh Chase, Suzanne Pleshette",8.51539740060194,2001,31,,/title/tt0245429/
4,Psicosis,"Alfred Hitchcock (dir.), Anthony Perkins, Janet Leigh",8.508726009074374,1960,32,,/title/tt0054215/
1,El pianista,"Roman Polanski (dir.), Adrien Brody, Thomas Kretschmann",8.504516743005917,2002,33,,/title/tt0253474/
2,El perfecto asesino,"Luc Besson (dir.), Jean Reno, Gary Oldman",8.50098648892406,1994,34,,/title/tt0110413/
3,Parásitos,"Bong Joon Ho (dir.), Song Kang-ho, Sun-kyun Lee",8.495410204752355,2019,35,,/title/tt6751668/
4,El rey león,"Roger Allers (dir.), Matthew Broderick, Jeremy Irons",8.48847527444106,1994,36,,/title/tt0110357/
1,Gladiador,"Ridley Scott (dir.), Russell Crowe, Joaquin Phoenix",8.485183719747349,2000,37,,/title/tt0172495/
2,Historia americana X,"Tony Kaye (dir.), Edward Norton, Edward Furlong",8.484831228749563,1998,38,,/title/tt0120586/
3,Sospechosos comunes,"Bryan Singer (dir.), Kevin Spacey, Gabriel Byrne",8.476810033219659,1995,39,,/title/tt0114814/
4,Los infiltrados,"Martin Scorsese (dir.), Leonardo DiCaprio, Matt Damon",8.474994368829739,2006,40,,/title/tt0407887/
1,El gran truco,"Christopher Nolan (dir.), Christian Bale, Hugh Jackman",8.467897724410602,2006,41,,/title/tt0482571/
2,Casablanca,"Michael Curtiz (dir.), Humphrey Bogart, Ingrid Bergman",8.465703406331446,1942,42,,/title/tt0034583/
3,Whiplash: Música y obsesión,"Damien Chazelle (dir.), Miles Teller, J.K. Simmons",8.459601631767436,2014,43,,/title/tt2582802/
4,Amigos intocables,"Olivier Nakache (dir.), François Cluzet, Omar Sy",8.45417840391388,2011,44,,/title/tt1675434/
1,Tiempos modernos,"Charles Chaplin (dir.), Charles Chaplin, Paulette Goddard",8.450031695407423,1936,45,,/title/tt0027977/
2,Harakiri,"Masaki Kobayashi (dir.), Tatsuya Nakadai, Akira Ishihama",8.448995420974924,1962,46,,/title/tt0056058/
3,Erase una vez en el oeste,"Sergio Leone (dir.), Henry Fonda, Charles Bronson",8.44814443250921,1968,47,,/title/tt0064116/
4,La tumba de las luciérnagas,"Isao Takahata (dir.), Tsutomu Tatsumi, Ayano Shiraishi",8.44716829734348,1988,48,,/title/tt0095327/
1,La ventana indiscreta,"Alfred Hitchcock (dir.), James Stewart, Grace Kelly",8.43753476367117,1954,49,,/title/tt0047396/
2,"Alien, el 8° pasajero","Ridley Scott (dir.), Sigourney Weaver, Tom Skerritt",8.435504885241102,1979,50,,/title/tt0078748/
3,Luces de la ciudad,"Charles Chaplin (dir.), Charles Chaplin, Virginia Cherrill",8.434410349168981,1931,51,,/title/tt0021749/
4,Cinema Paradiso,"Giuseppe Tornatore (dir.), Philippe Noiret, Enzo Cannavale",8.429083101535785,1988,52,,/title/tt0095765/
1,Amnesia,"Christopher Nolan (dir.), Guy Pearce, Carrie-Anne Moss",8.426323440045248,2000,53,,/title/tt0209144/
2,Apocalipsis,"Francis Ford Coppola (dir.), Martin Sheen, Marlon Brando",8.425411569072761,1979,54,,/title/tt0078788/
3,Los cazadores del arca perdida,"Steven Spielberg (dir.), Harrison Ford, Karen Allen",8.411899838659046,1981,55,,/title/tt0082971/
4,Django sin cadenas,"Quentin Tarantino (dir.), Jamie Foxx, Christoph Waltz",8.402328416775038,2012,56,,/title/tt1853728/
1,Top Gun: Maverick,"Joseph Kosinski (dir.), Tom Cruise, Jennifer Connelly",8.400103116327617,2022,57,,/title/tt1745960/
2,WALL·E,"Andrew Stanton (dir.), Ben Burtt, Elissa Knight",8.392444530511574,2008,58,,/title/tt0910970/
3,La vida de los otros,"Florian Henckel von Donnersmarck (dir.), Ulrich Mühe, Martina Gedeck",8.386544617601583,2006,59,,/title/tt0405094/
4,El ocaso de una vida,"Billy Wilder (dir.), William Holden, Gloria Swanson",8.383043775252682,1950,60,,/title/tt0043014/
1,La patrulla infernal,"Stanley Kubrick (dir.), Kirk Douglas, Ralph Meeker",8.370644293797147,1957,61,,/title/tt0050825/
2,El resplandor,"Stanley Kubrick (dir.), Jack Nicholson, Shelley Duvall",8.368091221681375,1980,62,,/title/tt0081505/
3,El gran dictador,"Charles Chaplin (dir.), Charles Chaplin, Paulette Goddard",8.36658514583659,1940,63,,/title/tt0032553/
4,Testigo de cargo,"Billy Wilder (dir.), Tyrone Power, Marlene Dietrich",8.35660983962996,1957,64,,/title/tt0051201/
1,Avengers: Infinity War,"Anthony Russo (dir.), Robert Downey Jr., Chris Hemsworth",8.354804572176985,2018,65,,/title/tt4154756/
2,"Alien 2, el regreso","James Cameron (dir.), Sigourney Weaver, Michael Biehn",8.344585249706135,1986,66,,/title/tt0090605/
3,Belleza americana,"Sam Mendes (dir.), Kevin Spacey, Annette Bening",8.33851679030316,1999,67,,/title/tt0169547/
4,Dr Insólito o Cómo aprendí a no preocuparme y amar la bomba,"Stanley Kubrick (dir.), Peter Sellers, George C. Scott",8.334165463711873,1964,68,,/title/tt0057012/
1,Batman: El caballero de la noche asciende,"Christopher Nolan (dir.), Christian Bale, Tom Hardy",8.328915326553185,2012,69,,/title/tt1345836/
2,Spider-Man: Un nuevo universo,"Bob Persichetti (dir.), Shameik Moore, Jake Johnson",8.327745526319436,2018,70,,/title/tt4633694/
3,Guasón,"Todd Phillips (dir.), Joaquin Phoenix, Robert De Niro",8.320326428660522,2019,71,,/title/tt7286456/
4,Oldboy: Cinco días para vengarse,"Park Chan-wook (dir.), Choi Min-sik, Yoo Ji-Tae",8.319982112578376,2003,72,,/title/tt0364569/
1,Corazón valiente,"Mel Gibson (dir.), Mel Gibson, Sophie Marceau",8.31562308835903,1995,73,,/title/tt0112573/
2,Amadeus,"Milos Forman (dir.), F. Murray Abraham, Tom Hulce",8.315429978199868,1984,74,,/title/tt0086879/
3,Toy Story,"John Lasseter (dir.), Tom Hanks, Tim Allen",8.314369387842062,1995,75,,/title/tt0114709/
4,Coco,"Lee Unkrich (dir.), Anthony Gonzalez, Gael García Bernal",8.312144873714185,2017,76,,/title/tt2380307/
1,El submarino,"Wolfgang Petersen (dir.), Jürgen Prochnow, Herbert Grönemeyer",8.311910016778992,1981,77,,/title/tt0082096/
2,Bastardos sin gloria,"Quentin Tarantino (dir.), Brad Pitt, Diane Kruger",8.310427678169555,2009,78,,/title/tt0361748/
3,La princesa Mononoke,"Hayao Miyazaki (dir.), Yôji Matsuda, Yuriko Ishida",8.303911503658455,1997,79,,/title/tt0119698/
4,Érase una vez en América,"Sergio Leone (dir.), Robert De Niro, James Woods",8.301284530128493,1984,80,,/title/tt0087843/
1,Avengers: Endgame,"Anthony Russo (dir.), Robert Downey Jr., Chris Evans",8.300587597078131,2019,81,,/title/tt4154796/
2,Mente indomable,"Gus Van Sant (dir.), Robin Williams, Matt Damon",8.286281237736034,1997,82,,/title/tt0119217/
3,Réquiem por un sueño,"Darren Aronofsky (dir.), Ellen Burstyn, Jared Leto",8.277385603254931,2000,83,,/title/tt0180093/
4,Toy Story 3,"Lee Unkrich (dir.), Tom Hanks, Tim Allen",8.276880868991906,2010,84,,/title/tt0435761/
1,Cantando bajo la lluvia,"Stanley Donen (dir.), Gene Kelly, Donald O'Connor",8.274088455746652,1952,85,,/title/tt0045152/
2,Your Name,"Makoto Shinkai (dir.), Ryûnosuke Kamiki, Mone Kamishiraishi",8.27408622430713,2016,86,,/title/tt5311514/
3,Everything Everywhere All at Once,"Dan Kwan (dir.), Michelle Yeoh, Stephanie Hsu",8.268701051423983,2022,87,,/title/tt6710474/
4,3 Idiots,"Rajkumar Hirani (dir.), Aamir Khan, Madhavan",8.268543245353001,2009,88,,/title/tt1187043/
1,El regreso del Jedi,"Richard Marquand (dir.), Mark Hamill, Harrison Ford",8.268351950934456,1983,89,,/title/tt0086190/
2,2001: odisea del espacio,"Stanley Kubrick (dir.), Keir Dullea, Gary Lockwood",8.266019002525905,1968,90,,/title/tt0062622/
3,Perros de reserva,"Quentin Tarantino (dir.), Harvey Keitel, Tim Roth",8.265048749591049,1992,91,,/title/tt0105236/
4,Eterno resplandor de una mente sin recuerdos,"Michel Gondry (dir.), Jim Carrey, Kate Winslet",8.264927498336158,2004,92,,/title/tt0338013/
1,Cielo e infierno,"Akira Kurosawa (dir.), Toshirô Mifune, Yutaka Sada",8.262621957884264,1963,93,,/title/tt0057565/
2,El ciudadano Kane,"Orson Welles (dir.), Orson Welles, Joseph Cotten",8.258383544931334,1941,94,,/title/tt0033467/
3,Cafarnaúm: la ciudad olvidada,"Nadine Labaki (dir.), Zain Al Rafeea, Yordanos Shiferaw",8.258282819424373,2018,95,,/title/tt8267604/
4,Lawrence de Arabia,"David Lean (dir.), Peter O'Toole, Alec Guinness",8.256695323692787,1962,96,,/title/tt0056172/
1,Jagten,"Thomas Vinterberg (dir.), Mads Mikkelsen, Thomas Bo Larsen",8.25502242658273,2012,97,,/title/tt2106476/
2,M el maldito,"Fritz Lang (dir.), Peter Lorre, Ellen Widmann",8.25469644681427,1931,98,,/title/tt0022100/
3,Intriga internacional,"Alfred Hitchcock (dir.), Cary Grant, Eva Marie Saint",8.254106292671507,1959,99,,/title/tt0053125/
4, De entre los muertos,"Alfred Hitchcock (dir.), James Stewart, Kim Novak",8.248263267451426,1958,10,,/title/tt0052357/
1,Amelie,"Jean-Pierre Jeunet (dir.), Audrey Tautou, Mathieu Kassovitz",8.246919198703605,2001,101,,/title/tt0211915/
2,Naranja mecánica,"Stanley Kubrick (dir.), Malcolm McDowell, Patrick Magee",8.245222710790248,1971,102,,/title/tt0066921/
3,Ven y mira,"Elem Klimov (dir.), Aleksey Kravchenko, Olga Mironova",8.243204192019126,1985,103,,/title/tt0091251/
4,Cara de guerra,"Stanley Kubrick (dir.), Matthew Modine, R. Lee Ermey",8.240366527505321,1987,104,,/title/tt0093058/
1,Pacto de sangre,"Billy Wilder (dir.), Fred MacMurray, Barbara Stanwyck",8.23816674844197,1944,105,,/title/tt0036775/
2,Piso de soltero,"Billy Wilder (dir.), Jack Lemmon, Shirley MacLaine",8.237107869687751,1960,106,,/title/tt0053604/
3,Caracortada,"Brian De Palma (dir.), Al Pacino, Michelle Pfeiffer",8.23506319147996,1983,107,,/title/tt0086250/
4,Ikiru - Vivir,"Akira Kurosawa (dir.), Takashi Shimura, Nobuo Kaneko",8.22953531558588,1952,108,,/title/tt0044741/
1,Matar a un ruiseñor,"Robert Mulligan (dir.), Gregory Peck, John Megna",8.229193306044387,1962,109,,/title/tt0056592/
2,El golpe,"George Roy Hill (dir.), Paul Newman, Robert Redford",8.229106393347909,1973,110,,/title/tt0070735/
3,Taxi Driver,"Martin Scorsese (dir.), Robert De Niro, Jodie Foster",8.228763426505346,1976,111,,/title/tt0075314/
4,Los Ángeles al desnudo,"Curtis Hanson (dir.), Kevin Spacey, Russell Crowe",8.225476376462257,1997,112,,/title/tt0119488/
1,"Up, una aventura de altura","Pete Docter (dir.), Edward Asner, Jordan Nagai",8.224254372436969,2009,113,,/title/tt1049413/
2,Spider-Man: sin camino a casa,"Jon Watts (dir.), Tom Holland, Zendaya",8.224173929967876,2021,114,,/title/tt10872600/
3,Hamilton,"Thomas Kail (dir.), Lin-Manuel Miranda, Phillipa Soo",8.223152707871963,2020,115,,/title/tt8503618/
4,Fuego contra fuego,"Michael Mann (dir.), Al Pacino, Robert De Niro",8.222984821346575,1995,116,,/title/tt0113277/
1,Metrópolis,"Fritz Lang (dir.), Brigitte Helm, Alfred Abel",8.221190072439873,1927,117,,/title/tt0017136/
2,Snatch: Cerdos y diamantes,"Guy Ritchie (dir.), Jason Statham, Brad Pitt",8.220717000324386,2000,118,,/title/tt0208092/
3,Una separación,"Asghar Farhadi (dir.), Payman Maadi, Leila Hatami",8.220541416188022,2011,119,,/title/tt1832382/
4,Duro de matar,"John McTiernan (dir.), Bruce Willis, Alan Rickman",8.220313782343387,1988,120,,/title/tt0095016/
1,La mujer que cantaba,"Denis Villeneuve (dir.), Lubna Azabal, Mélissa Désormeaux-Poulin",8.21925416959248,2010,121,,/title/tt1255953/
2,Indiana Jones y la última cruzada,"Steven Spielberg (dir.), Harrison Ford, Sean Connery",8.218387355938665,1989,122,,/title/tt0097576/
3,Ladrones de bicicletas,"Vittorio De Sica (dir.), Lamberto Maggiorani, Enzo Staiola",8.217652399011365,1948,123,,/title/tt0040522/
4,1917,"Sam Mendes (dir.), Dean-Charles Chapman, George MacKay",8.212274823256074,2019,124,,/title/tt8579674/
1,Like stars on Earth,"Aamir Khan (dir.), Darsheel Safary, Aamir Khan",8.20629416974196,2007,125,,/title/tt0986264/
2,La caída,"Oliver Hirschbiegel (dir.), Bruno Ganz, Alexandra Maria Lara",8.204794590765998,2004,126,,/title/tt0363163/
3,Por unos dólares más,"Sergio Leone (dir.), Clint Eastwood, Lee Van Cleef",8.203569532323458,1965,127,,/title/tt0059578/
4,Batman inicia,"Christopher Nolan (dir.), Christian Bale, Michael Caine",8.202514583082907,2005,128,,/title/tt0372784/
1,Dangal,"Nitesh Tiwari (dir.), Aamir Khan, Sakshi Tanwar",8.19835533076031,2016,129,,/title/tt5074352/
2,El chiquillo,"Charles Chaplin (dir.), Charles Chaplin, Edna Purviance",8.194887398682516,1921,130,,/title/tt0012349/
3,Una Eva y dos Adanes,"Billy Wilder (dir.), Marilyn Monroe, Tony Curtis",8.191589711962166,1959,131,,/title/tt0053291/
4,El Padre,"Florian Zeller (dir.), Anthony Hopkins, Olivia Colman",8.183903789612845,2020,132,,/title/tt10272386/
1,La malvada,"Joseph L. Mankiewicz (dir.), Bette Davis, Anne Baxter",8.180129536928659,1950,133,,/title/tt0042192/
2,Green Book: Una amistad sin fronteras,"Peter Farrelly (dir.), Viggo Mortensen, Mahershala Ali",8.174326461227487,2018,134,,/title/tt6966692/
3,El lobo de Wall Street,"Martin Scorsese (dir.), Leonardo DiCaprio, Jonah Hill",8.171062346541074,2013,135,,/title/tt0993846/
4,Juicio en Nuremberg,"Stanley Kramer (dir.), Spencer Tracy, Burt Lancaster",8.168337431225442,1961,136,,/title/tt0055031/
1,Los imperdonables,"Clint Eastwood (dir.), Clint Eastwood, Gene Hackman",8.164893840574889,1992,137,,/title/tt0105695/
2,Casino,"Martin Scorsese (dir.), Robert De Niro, Sharon Stone",8.163640830710793,1995,138,,/title/tt0112641/
3,El laberinto del fauno,"Guillermo del Toro (dir.), Ivana Baquero, Ariadna Gil",8.163636065198428,2006,139,,/title/tt0457430/
4,Ran,"Akira Kurosawa (dir.), Tatsuya Nakadai, Akira Terao",8.163451733953343,1985,140,,/title/tt0089881/
1,Petróleo sangriento,"Paul Thomas Anderson (dir.), Daniel Day-Lewis, Paul Dano",8.154558288506431,2007,141,,/title/tt0469494/
2,El sexto sentido,"M. Night Shyamalan (dir.), Bruce Willis, Haley Joel Osment",8.153631522219259,1999,142,,/title/tt0167404/
3,Una mente brillante,"Ron Howard (dir.), Russell Crowe, Ed Harris",8.153244883727456,2001,143,,/title/tt0268978/
4,Monty Python and the Holy Grail,"Terry Gilliam (dir.), Graham Chapman, John Cleese",8.153078385084932,1975,144,,/title/tt0071853/
1,The Truman Show: Historia de una vida,"Peter Weir (dir.), Jim Carrey, Ed Harris",8.151075153546028,1998,145,,/title/tt0120382/
2,Yojimbo,"Akira Kurosawa (dir.), Toshirô Mifune, Eijirô Tôno",8.14882513314329,1961,146,,/title/tt0055630/
3,El tesoro de la Sierra Madre,"John Huston (dir.), Humphrey Bogart, Walter Huston",8.148123410798075,1948,147,,/title/tt0040897/
4,Rashomon,"Akira Kurosawa (dir.), Toshirô Mifune, Machiko Kyô",8.143252873565583,1950,148,,/title/tt0042876/
1,El gran escape,"John Sturges (dir.), Steve McQueen, James Garner",8.142505343015472,1963,149,,/title/tt0057115/
2,La isla siniestra,"Martin Scorsese (dir.), Leonardo DiCaprio, Emily Mortimer",8.142231860126463,2010,150,,/title/tt1130884/
3,Parque jurásico,"Steven Spielberg (dir.), Sam Neill, Laura Dern",8.137458359300659,1993,151,,/title/tt0107290/
4,Kill Bill Vol 1,"Quentin Tarantino (dir.), Uma Thurman, David Carradine",8.137228143884329,2003,152,,/title/tt0266697/
1,Sin lugar para los débiles,"Ethan Coen (dir.), Tommy Lee Jones, Javier Bardem",8.135042079080044,2007,153,,/title/tt0477348/
2,El hombre elefante,"David Lynch (dir.), Anthony Hopkins, John Hurt",8.13150149499228,1980,154,,/title/tt0080678/
3,Buscando a Nemo,"Andrew Stanton (dir.), Albert Brooks, Ellen DeGeneres",8.13119940752761,2003,155,,/title/tt0266543/
4,El toro salvaje,"Martin Scorsese (dir.), Robert De Niro, Cathy Moriarty",8.13027273019437,1980,156,,/title/tt0081398/
1,Barrio Chino,"Roman Polanski (dir.), Jack Nicholson, Faye Dunaway",8.129137468998824,1974,157,,/title/tt0071315/
2,Lo que el viento se llevó,"Victor Fleming (dir.), Clark Gable, Vivien Leigh",8.12736198488559,1939,158,,/title/tt0031381/
3,V de Venganza,"James McTeigue (dir.), Hugo Weaving, Natalie Portman",8.126364565006009,2005,159,,/title/tt0434409/
4,Intensa Mente,"Pete Docter (dir.), Amy Poehler, Bill Hader",8.12496013419063,2015,160,,/title/tt2096673/
1,La cosa del otro mundo,"John Carpenter (dir.), Kurt Russell, Wilford Brimley",8.124160892848101,1982,161,,/title/tt0084787/
2,"Juegos, trampas y dos armas humeantes","Guy Ritchie (dir.), Jason Flemyng, Dexter Fletcher",8.123847344247954,1998,162,,/title/tt0120735/
3,Con M de Muerte,"Alfred Hitchcock (dir.), Ray Milland, Grace Kelly",8.119161978115452,1954,163,,/title/tt0046912/
4,El secreto de sus ojos,"Juan José Campanella (dir.), Ricardo Darín, Soledad Villamil",8.118332978402826,2009,164,,/title/tt1305806/
1,El puente sobre el río Kwai,"David Lean (dir.), William Holden, Alec Guinness",8.114905409791492,1957,165,,/title/tt0050212/
2,El increíble castillo vagabundo,"Hayao Miyazaki (dir.), Chieko Baishô, Takuya Kimura",8.114417589998963,2004,166,,/title/tt0347149/
3,Tres anuncios por un crimen,"Martin McDonagh (dir.), Frances McDormand, Woody Harrelson",8.111826670159333,2017,167,,/title/tt5027774/
4,La vida en el abismo,"Danny Boyle (dir.), Ewan McGregor, Ewen Bremner",8.111738195822506,1996,168,,/title/tt0117951/
1,Gran Torino,"Clint Eastwood (dir.), Clint Eastwood, Bee Vang",8.105751947033419,2008,169,,/title/tt1205489/
2,La última pelea,"Gavin O'Connor (dir.), Tom Hardy, Nick Nolte",8.10525147603018,2011,170,,/title/tt1291584/
3,"Fargo, secuestro voluntario","Joel Coen (dir.), William H. Macy, Frances McDormand",8.103626733277569,1996,171,,/title/tt0116282/
4,Mi vecino Totoro,"Hayao Miyazaki (dir.), Hitoshi Takagi, Noriko Hidaka",8.095622410663276,1988,172,,/title/tt0096283/
1,Intriga,"Denis Villeneuve (dir.), Hugh Jackman, Jake Gyllenhaal",8.094287547106866,2013,173,,/title/tt1392214/
2,Golpes del destino,"Clint Eastwood (dir.), Hilary Swank, Clint Eastwood",8.090200579277353,2004,174,,/title/tt0405159/
3,La quimera del oro,"Charles Chaplin (dir.), Charles Chaplin, Mack Swain",8.088087917446712,1925,175,,/title/tt0015864/
4,Blade Runner,"Ridley Scott (dir.), Harrison Ford, Rutger Hauer",8.087291577118872,1982,176,,/title/tt0083658/
1,Atrápame si puedes,"Steven Spielberg (dir.), Leonardo DiCaprio, Tom Hanks",8.085817888965765,2002,177,,/title/tt0264464/
2,Nido de ratas,"Elia Kazan (dir.), Marlon Brando, Karl Malden",8.08504469102565,1954,178,,/title/tt0047296/
3,El tercer hombre,"Carol Reed (dir.), Orson Welles, Joseph Cotten",8.083051768519018,1949,179,,/title/tt0041959/
4,Los niños del cielo,"Majid Majidi (dir.), Mohammad Amir Naji, Amir Farrokh Hashemian",8.081691806587784,1997,180,,/title/tt0118849/
1,Ben-Hur,"William Wyler (dir.), Charlton Heston, Jack Hawkins",8.07902175604285,1959,181,,/title/tt0052618/
2,El general,"Clyde Bruckman (dir.), Buster Keaton, Marion Mack",8.078367355597912,1926,182,,/title/tt0017925/
3,12 años esclavo,"Steve McQueen (dir.), Chiwetel Ejiofor, Michael Kenneth Williams",8.07810574135244,2013,183,,/title/tt2024544/
4,Las fresas silvestres,"Ingmar Bergman (dir.), Victor Sjöström, Bibi Andersson",8.077578548340757,1957,184,,/title/tt0050986/
1,Perdida,"David Fincher (dir.), Ben Affleck, Rosamund Pike",8.077411473501801,2014,185,,/title/tt2267998/
2,Antes del amanecer,"Richard Linklater (dir.), Ethan Hawke, Julie Delpy",8.076221199750783,1995,186,,/title/tt0112471/
3,El francotirador,"Michael Cimino (dir.), Robert De Niro, Christopher Walken",8.076114423498217,1978,187,,/title/tt0077416/
4,Harry Potter y las reliquias de la muerte 2,"David Yates (dir.), Daniel Radcliffe, Emma Watson",8.075544864121044,2011,188,,/title/tt1201607/
1,En el nombre del padre,"Jim Sheridan (dir.), Daniel Day-Lewis, Pete Postlethwaite",8.07472236410851,1993,189,,/title/tt0107207/
2,El gran hotel Budapest,"Wes Anderson (dir.), Ralph Fiennes, F. Murray Abraham",8.072071295101363,2014,190,,/title/tt2278388/
3,Caballero sin espada,"Frank Capra (dir.), James Stewart, Jean Arthur",8.071648921177234,1939,191,,/title/tt0031679/
4,El salario del miedo,"Henri-Georges Clouzot (dir.), Yves Montand, Charles Vanel",8.070913400102139,1953,192,,/title/tt0046268/
1,Sherlock Jr,"Buster Keaton (dir.), Buster Keaton, Kathryn McGuire",8.07023788882031,1924,193,,/title/tt0015324/
2,Barry Lyndon,"Stanley Kubrick (dir.), Ryan O'Neal, Marisa Berenson",8.068967049530771,1975,194,,/title/tt0072684/
3,Salinui chueok,"Bong Joon Ho (dir.), Song Kang-ho, Kim Sang-kyung",8.068259910598075,2003,195,,/title/tt0353969/
4,Room,"Lenny Abrahamson (dir.), Brie Larson, Jacob Tremblay",8.068059588273892,2015,196,,/title/tt3170832/
1,Hasta el último hombre,"Mel Gibson (dir.), Andrew Garfield, Sam Worthington",8.066713386035373,2016,197,,/title/tt2119532/
2,El séptimo sello,"Ingmar Bergman (dir.), Max von Sydow, Gunnar Björnstrand",8.066279376470533,1957,198,,/title/tt0050976/
3,Klaus,"Sergio Pablos (dir.), Jason Schwartzman, J.K. Simmons",8.06617861396919,2019,199,,/title/tt4729430/
4,Relatos salvajes,"Damián Szifron (dir.), Darío Grandinetti, María Marull",8.064879200204741,2014,200,,/title/tt3011894/
1,Identidad peligrosa,"Joel Coen (dir.), Jeff Bridges, John Goodman",8.06313623086996,1998,201,,/title/tt0118715/
2,Cómo entrenar a tu dragón,"Dean DeBlois (dir.), Jay Baruchel, Gerard Butler",8.062167783048208,2010,202,,/title/tt0892769/
3,Mad Max: Furia en el camino,"George Miller (dir.), Tom Hardy, Charlize Theron",8.061562725777613,2015,203,,/title/tt1392190/
4,Mary and Max,"Adam Elliot (dir.), Toni Collette, Philip Seymour Hoffman",8.060414278323199,2009,204,,/title/tt0978762/
1,"Monsters, Inc","Pete Docter (dir.), Billy Crystal, John Goodman",8.058172847769075,2001,205,,/title/tt0198781/
2,Tiburón,"Steven Spielberg (dir.), Roy Scheider, Robert Shaw",8.057713778773113,1975,206,,/title/tt0073195/
3,La passion de Jeanne d'Arc,"Carl Theodor Dreyer (dir.), Maria Falconetti, Eugene Silvain",8.05621542583641,1928,207,,/title/tt0019254/
4,Pather Panchali,"Satyajit Ray (dir.), Kanu Bannerjee, Karuna Bannerjee",8.054501125843297,1955,208,,/title/tt0048473/
1,Hotel Ruanda,"Terry George (dir.), Don Cheadle, Sophie Okonedo",8.053407372194108,2004,209,,/title/tt0395169/
2,Tôkyô monogatari,"Yasujirô Ozu (dir.), Chishû Ryû, Chieko Higashiyama",8.052126515832757,1953,210,,/title/tt0046438/
3,La sociedad de los poetas muertos,"Peter Weir (dir.), Robin Williams, Robert Sean Leonard",8.051948233031215,1989,211,,/title/tt0097165/
4,Pelotón,"Oliver Stone (dir.), Charlie Sheen, Tom Berenger",8.047687591777665,1986,212,,/title/tt0091763/
1,Rocky,"John G. Avildsen (dir.), Sylvester Stallone, Talia Shire",8.047258980403516,1976,213,,/title/tt0075148/
2,Contra lo imposible,"James Mangold (dir.), Matt Damon, Christian Bale",8.045385810866138,2019,214,,/title/tt1950186/
3,Cuenta conmigo,"Rob Reiner (dir.), Wil Wheaton, River Phoenix",8.04239181410263,1986,215,,/title/tt0092005/
4,Terminator,"James Cameron (dir.), Arnold Schwarzenegger, Linda Hamilton",8.041440799070234,1984,216,,/title/tt0088247/
1,Rush: Pasión y gloria,"Ron Howard (dir.), Daniel Brühl, Chris Hemsworth",8.039721217743923,2013,217,,/title/tt1979320/
2,En primera plana,"Tom McCarthy (dir.), Mark Ruffalo, Michael Keaton",8.039306464205065,2015,218,,/title/tt1895587/
3,Camino salvaje,"Sean Penn (dir.), Emile Hirsch, Vince Vaughn",8.038131723587972,2007,219,,/title/tt0758758/
4,Poder que mata,"Sidney Lumet (dir.), Faye Dunaway, William Holden",8.037265524236778,1976,220,,/title/tt0074958/
1,El mago de Oz,"Victor Fleming (dir.), Judy Garland, Frank Morgan",8.03613583884945,1939,221,,/title/tt0032138/
2,Logan: Wolverine,"James Mangold (dir.), Hugh Jackman, Patrick Stewart",8.035108799962721,2017,222,,/title/tt3315342/
3,Hechizo del tiempo,"Harold Ramis (dir.), Bill Murray, Andie MacDowell",8.032895568406204,1993,223,,/title/tt0107048/
4,Ratatouille,"Brad Bird (dir.), Brad Garrett, Lou Romano",8.031012240324316,2007,224,,/title/tt0382932/
1,El exorcista,"William Friedkin (dir.), Ellen Burstyn, Max von Sydow",8.028553074621636,1973,225,,/title/tt0070047/
2,Antes del atardecer,"Richard Linklater (dir.), Ethan Hawke, Julie Delpy",8.028014619569674,2004,226,,/title/tt0381681/
3,Lo mejor de nuestra vida,"William Wyler (dir.), Myrna Loy, Dana Andrews",8.026021224562449,1946,227,,/title/tt0036868/
4,Los increíbles,"Brad Bird (dir.), Craig T. Nelson, Samuel L. Jackson",8.02530213801291,2004,228,,/title/tt0317705/
1,Ser o no ser,"Ernst Lubitsch (dir.), Carole Lombard, Jack Benny",8.024823173849427,1942,229,,/title/tt0035446/
2,La batalla de Argel,"Gillo Pontecorvo (dir.), Brahim Hadjadj, Jean Martin",8.023065732518305,1966,230,,/title/tt0058946/
3,"Rebeca, una mujer inolvidable","Alfred Hitchcock (dir.), Laurence Olivier, Joan Fontaine",8.022836278213552,1940,231,,/title/tt0032976/
4,Viacrucis,"John Ford (dir.), Henry Fonda, Jane Darwell",8.022491260922175,1940,232,,/title/tt0032551/
1,Siempre a tu lado,"Lasse Hallström (dir.), Richard Gere, Joan Allen",8.021877463028506,2009,233,,/title/tt1028532/
2,La leyenda del indomable,"Stuart Rosenberg (dir.), Paul Newman, George Kennedy",8.02160340885163,1967,234,,/title/tt0061512/
3,Amores perros,"Alejandro G. Iñárritu (dir.), Emilio Echevarría, Gael García Bernal",8.021287865927095,2000,235,,/title/tt0245712/
4,Piratas del Caribe - La maldición del Perla Negra,"Gore Verbinski (dir.), Johnny Depp, Geoffrey Rush",8.017723887669279,2003,236,,/title/tt0325980/
1,Dersu Uzala,"Akira Kurosawa (dir.), Maksim Munzuk, Yuriy Solomin",8.016861370314,1975,237,,/title/tt0071411/
2,Los 400 golpes,"François Truffaut (dir.), Jean-Pierre Léaud, Albert Rémy",8.016421382595256,1959,238,,/title/tt0053198/
3,La haine,"Mathieu Kassovitz (dir.), Vincent Cassel, Hubert Koundé",8.01598518917248,1995,239,,/title/tt0113247/
4,El pecado compartido,"Ingmar Bergman (dir.), Bibi Andersson, Liv Ullmann",8.015954922738445,1966,240,,/title/tt0060827/
1,Babam ve Oglum,"Cagan Irmak (dir.), Çetin Tekindor, Fikret Kuskan",8.015613979258356,2005,241,,/title/tt0476735/
2,La vida de Brian,"Terry Jones (dir.), Graham Chapman, John Cleese",8.015096572773658,1979,242,,/title/tt0079470/
3,La novicia rebelde,"Robert Wise (dir.), Julie Andrews, Christopher Plummer",8.013765031075803,1965,243,,/title/tt0059742/
4,Sucedió una noche,"Frank Capra (dir.), Clark Gable, Claudette Colbert",8.013669320298815,1934,244,,/title/tt0025316/
1,The Handmaiden,"Park Chan-wook (dir.), Kim Min-hee, Ha Jung-woo",8.009314244228118,2016,245,,/title/tt4016934/
2,Gandhi,"Richard Attenborough (dir.), Ben Kingsley, John Gielgud",8.007149359823005,1982,246,,/title/tt0083987/
3,Aladdín,"Ron Clements (dir.), Scott Weinger, Robin Williams",8.007085405204363,1992,247,,/title/tt0103639/
4,Historias cruzadas,"Tate Taylor (dir.), Emma Stone, Viola Davis",8.004914630234108,2011,248,,/title/tt1454029/
1,La bella y la bestia,"Gary Trousdale (dir.), Paige O'Hara, Robby Benson",8.00348553835804,1991,249,,/title/tt0101414/
2,Danza con lobos,"Kevin Costner (dir.), Kevin Costner, Mary McDonnell",8.001782879364145,1990,250,,/title/tt0099348/
